keyword,ref_id,source,priority,sortkey
a tattoo ideas,ideas-general,page_primary,1,-516
a tattoo aftercare,aftercare-general,page_primary,1,-490
best meaningful tattoo for girls,meaning-symbol-dict,page_primary,1,-343
best fine line tattoo artist brisbane,small-fine-line-basics,page_primary,1,-319
a tattoo cost,cost-general,page_primary,1,-257
for tattoo removal,removal-general,page_primary,1,-232
best tattoo pain,pain-general,page_primary,1,-225
small tattoo on leg for male,placement-for-men,page_primary,1,-224
amoxicillin for tattoo infection,problems-infection,page_primary,1,-221
blowout tattoo too deep,problems-blowout,page_primary,1,-175
best color for tattoo,color-general,page_primary,1,-164
a tattoo styles,styles-general,page_primary,1,-163
can small tattoos be detailed,small-general,page_primary,1,-162
adding color to black and grey tattoo,color-black-grey,page_primary,1,-155
best tattoo cover ups,coverup-general,page_primary,1,-144
black and grey tattoo background ideas,placement-ideas,page_primary,1,-136
best tattoo fillers,coverup-filler,page_primary,1,-132
can any tattoo be covered up,other-general,page_primary,1,-86
best tattoo quotes,quotes-general,page_primary,1,-81
best tattoo aftercare balm,aftercare-products,page_primary,1,-61
a tattoo ideas for men,ideas-for-men,page_primary,1,-60
can tattoo heal without scabbing,aftercare-issues,page_primary,1,-57
a tattoo ideas for women,ideas-for-women,page_primary,1,-52
before tattoo preparation,prep-general,page_primary,1,-49
tattoo cost calculator uk,cost-by-location,page_primary,1,-45
how painful tattoo on wrist,placement-pain,page_primary,1,-44
a tattoo ideas small,ideas-small,page_primary,1,-34
best tattoo pain chart,pain-chart,page_primary,1,-32
black and grey tattoo forearm,placement-arm,page_primary,1,-31
aftercare for color tattoo,aftercare-color-tattoo,page_primary,1,-30
are tattoos a trend,trends-general,page_primary,1,-28
can tattoo blowout be lasered,removal-method,page_primary,1,-28
cost for small tattoo,cost-by-size,page_primary,1,-26
best meaningful tattoo in hand,placement-meaning,page_primary,1,-24
best tattoo quotes on hand,placement-hand,page_primary,1,-24
black and grey neo traditional tattoo,styles-traditional,page_primary,1,-24
can tattoo heal without second skin,aftercare-second-skin,page_primary,1,-24
color japanese tattoo sleeve,styles-japanese,page_primary,1,-24
tattoo aftercare day 1,aftercare-timeline,page_primary,1,-23
can tattoo removal be covered by insurance,removal-questions,page_primary,1,-22
fine line tattoo 2025,trends-by-year,page_primary,1,-22
tattoo placement names for females,placement-for-women,page_primary,1,-22
tattoo quotes about family,quotes-by-theme,page_primary,1,-22
best color tattoo for dark skin,color-by-skin-tone,page_primary,1,-21
black and grey tattoo vs blackwork,styles-blackwork,page_primary,1,-20
black and grey tattoo leg,placement-leg,page_primary,1,-19
can small tattoos get infected,problems-general,page_primary,1,-19
best black and grey tattoo artist philadelphia,color-artist,page_primary,1,-17
best painless tattoo cream,pain-reduction,page_primary,1,-17
best meaningful tattoo ideas,ideas-meaningful,page_primary,1,-15
best tattoo cover up makeup,coverup-makeup,page_primary,1,-15
black and grey tattoo chest,placement-chest,page_primary,1,-15
tattoo cover up ideas for names,ideas-name,page_primary,1,-15
best color tattoo ink brand,color-ink,page_primary,1,-14
best tattoo quotes for women,quotes-for-women,page_primary,1,-14
tattoo aftercare can you go swimming,aftercare-activities,page_primary,1,-14
are cover up tattoos good,coverup-questions,page_primary,1,-13
best tattoo cover up patches,coverup-by-medium,page_primary,1,-13
best tattoo quotes in hindi,quotes-by-language,page_primary,1,-13
tattoo knee pain level,pain-by-body-part,page_primary,1,-13
can color tattoos be fully removed,removal-by-color,page_primary,1,-12
back tattoo preparation,placement-back,page_primary,1,-11
best tattoo quotes for men,quotes-for-men,page_primary,1,-11
flowers for tattoo ideas,ideas-animal,page_primary,1,-11
recovery tattoo quotes,quotes-by-occasion,page_primary,1,-11
small tattoo 3 hearts,small-by-subject,page_primary,1,-11
small tattoo for wrist,placement-wrist,page_primary,1,-11
color tattoo fading,color-fading,page_primary,1,-10
small tattoo for men,small-for-men,page_primary,1,-10
tattoo cover up ex name,coverup-by-old-style,page_primary,1,-10
tattoo quotes down spine,placement-general,page_primary,1,-3
app for tattoo placement,blog/placement-for-men,gold,2,0
best antibiotic cream for tattoo infection,blog/problems-infection,gold,2,0
best antibiotic cream for tattoo infection reddit,blog/problems-infection,gold,2,0
best antibiotic for tattoo infection,blog/problems-infection,gold,2,0
best antibiotic ointment for tattoo infection,blog/problems-infection,gold,2,0
best black and grey realism tattoo artists,blog/styles-blackwork,gold,2,0
best black and grey tattoo artists,blog/tattoo-color-guide,gold,2,0
best black and grey tattoo artists chicago,blog/tattoo-color-guide,gold,2,0
best black and grey tattoo artists denver,blog/tattoo-color-guide,gold,2,0
best black and grey tattoo artists in the us,blog/tattoo-color-guide,gold,2,0
best black and grey tattoo artists in the world,blog/tattoo-color-guide,gold,2,0
best black and grey tattoo artists london,blog/tattoo-color-guide,gold,2,0
best black and grey tattoo artists near me,blog/tattoo-color-guide,gold,2,0
best black and grey tattoo artists uk,blog/tattoo-color-guide,gold,2,0
best black and grey tattoos,blog/tattoo-color-guide,gold,2,0
best color tattoo,blog/tattoo-color-guide,gold,2,0
best color tattoo aftercare,blog/aftercare-color-tattoo,gold,2,0
best color tattoo artist near me,blog/tattoo-color-guide,gold,2,0
best color tattoo artists,blog/tattoo-color-guide,gold,2,0
best color tattoo ink,blog/tattoo-color-guide,gold,2,0
best color tattoo ink for brown skin,blog/tattoo-color-guide,gold,2,0
best color tattoo ink for dark skin,blog/tattoo-color-guide,gold,2,0
best color tattoos near me,blog/tattoo-color-guide,gold,2,0
best fine line tattoo artists,blog/small-tattoo-ideas,gold,2,0
best fine line tattoo artists london,blog/small-tattoo-ideas,gold,2,0
best fine line tattoo artists near me,blog/small-tattoo-ideas,gold,2,0
best fine line tattoo artists nyc,blog/small-tattoo-ideas,gold,2,0
best fine line tattoo artists singapore,blog/small-tattoo-ideas,gold,2,0
best fine line tattoo bali,blog/small-tattoo-ideas,gold,2,0
best fine line tattoos,blog/small-tattoo-ideas,gold,2,0
best fine line tattoos near me,blog/small-tattoo-ideas,gold,2,0
best fine line tattoos perth,blog/small-tattoo-ideas,gold,2,0
best for tattoo healing,blog/tattoo-aftercare-guide,gold,2,0
best lotion for color tattoos,blog/tattoo-color-guide,gold,2,0
best meaningful tattoo ideas for men,blog/ideas-for-men,gold,2,0
best medicine for tattoo infection,blog/problems-infection,gold,2,0
best ointment for tattoo infection,blog/problems-infection,gold,2,0
best painless tattoo numbing cream,blog/pain-reduction,gold,2,0
best tattoo aftercare,blog/tattoo-aftercare-guide,gold,2,0
best tattoo aftercare cream,blog/aftercare-products,gold,2,0
best tattoo aftercare for sensitive skin,blog/aftercare-sensitive-skin,gold,2,0
best tattoo aftercare lotion,blog/aftercare-products,gold,2,0
best tattoo aftercare products,blog/tattoo-aftercare-guide,gold,2,0
best tattoo aftercare reddit,blog/aftercare-issues,gold,2,0
best tattoo aftercare routine,blog/tattoo-aftercare-guide,gold,2,0
best tattoo aftercare soap,blog/aftercare-products,gold,2,0
best tattoo aftercare uk,blog/tattoo-aftercare-guide,gold,2,0
best tattoo cost,blog/tattoo-cost-guide,gold,2,0
best tattoo costa adeje,blog/tattoo-cost-guide,gold,2,0
best tattoo costa rica,blog/tattoo-cost-guide,gold,2,0
best tattoo cover up artist,blog/tattoo-coverup-ideas,gold,2,0
best tattoo cover up artist near me,blog/tattoo-coverup-ideas,gold,2,0
best tattoo cover up ideas,blog/tattoo-ideas-guide,gold,2,0
best tattoo cover up makeup reddit,blog/tattoo-coverup-ideas,gold,2,0
best tattoo cover up makeup waterproof,blog/tattoo-coverup-ideas,gold,2,0
best tattoo cover up tape,blog/tattoo-coverup-ideas,gold,2,0
best tattoo cover ups near me,blog/tattoo-coverup-ideas,gold,2,0
best tattoo designs,blog/tattoo-ideas-guide,gold,2,0
best tattoo designs for men,blog/ideas-for-men,gold,2,0
best tattoo designs for men arm,blog/placement-ideas,gold,2,0
best tattoo designs for men hand,blog/placement-ideas,gold,2,0
best tattoo designs for men small,blog/ideas-for-men,gold,2,0
best tattoo designs for men with meaning,blog/ideas-for-men,gold,2,0
best tattoo designs for women,blog/ideas-for-women,gold,2,0
best tattoo fill ins,blog/tattoo-coverup-ideas,gold,2,0
best tattoo filler designs,blog/tattoo-ideas-guide,gold,2,0
best tattoo filler ideas,blog/tattoo-ideas-guide,gold,2,0
best tattoo filler ideas for men,blog/ideas-for-men,gold,2,0
best tattoo fillers for men,blog/tattoo-coverup-ideas,gold,2,0
best tattoo fillers for women,blog/tattoo-coverup-ideas,gold,2,0
best tattoo gap fillers,blog/tattoo-coverup-ideas,gold,2,0
best tattoo infection cream,blog/problems-infection,gold,2,0
best tattoo pain cream,blog/tattoo-pain-guide,gold,2,0
best tattoo pain killer,blog/tattoo-pain-guide,gold,2,0
best tattoo pain numbing cream,blog/pain-reduction,gold,2,0
best tattoo pain relief,blog/tattoo-pain-guide,gold,2,0
best tattoo pain relief cream,blog/tattoo-pain-guide,gold,2,0
best tattoo paint,blog/tattoo-pain-guide,gold,2,0
best tattoo placement for aging,blog/placement-for-men,gold,2,0
best tattoo placement for first time,blog/placement-for-men,gold,2,0
best tattoo placement for men,blog/placement-for-men,gold,2,0
best tattoo placement for plus size women,blog/placement-for-women,gold,2,0
best tattoo placement for quotes,blog/placement-for-men,gold,2,0
best tattoo placement for small tattoos,blog/placement-for-men,gold,2,0
best tattoo placement for weight loss,blog/placement-for-men,gold,2,0
best tattoo placement for women,blog/placement-for-women,gold,2,0
best tattoo placement for women small,blog/placement-for-women,gold,2,0
best tattoo placement for words,blog/placement-for-men,gold,2,0
best tattoo placements,blog/placement-for-men,gold,2,0
best tattoo preparation,blog/tattoo-prep-guide,gold,2,0
best tattoo price in abu dhabi,blog/tattoo-cost-guide,gold,2,0
best tattoo price in india,blog/cost-by-location,gold,2,0
best tattoo price in kanpur,blog/tattoo-cost-guide,gold,2,0
best tattoo price in siliguri,blog/tattoo-cost-guide,gold,2,0
best tattoo price in sri lanka,blog/tattoo-cost-guide,gold,2,0
best tattoo prices near me,blog/tattoo-cost-guide,gold,2,0
best tattoo quotes ever,blog/tattoo-quotes-guide,gold,2,0
best tattoo quotes for men small,blog/tattoo-quotes-guide,gold,2,0
best tattoo quotes for men with meaning,blog/tattoo-quotes-guide,gold,2,0
best tattoo quotes for women with meaning,blog/tattoo-quotes-guide,gold,2,0
best tattoo quotes in sanskrit,blog/tattoo-quotes-guide,gold,2,0
best tattoo quotes with meaning,blog/tattoo-quotes-guide,gold,2,0
best tattoo styles,blog/tattoo-styles-guide,gold,2,0
best tattoo styles and their origins,blog/tattoo-styles-guide,gold,2,0
best tattoo styles for black skin,blog/tattoo-styles-guide,gold,2,0
best tattoo styles for body hair,blog/tattoo-styles-guide,gold,2,0
best tattoo styles for cover up,blog/tattoo-styles-guide,gold,2,0
best tattoo styles for dark skin,blog/tattoo-styles-guide,gold,2,0
best tattoo styles for longevity,blog/tattoo-styles-guide,gold,2,0
best tattoo styles for men,blog/tattoo-styles-guide,gold,2,0
best tattoo styles reddit,blog/tattoo-styles-guide,gold,2,0
best tattoo styles that age well,blog/tattoo-styles-guide,gold,2,0
best tattoo trends,blog/tattoo-trends-guide,gold,2,0
best thing for tattoo infection,blog/problems-infection,gold,2,0
best way to prevent tattoo infection,blog/problems-infection,gold,2,0
best way to treat tattoo infection,blog/problems-infection,gold,2,0
black and grey tattoo artists near me,blog/tattoo-color-guide,gold,2,0
black and grey tattoo fresh vs healed,blog/aftercare-black-grey,gold,2,0
black and grey tattoo near me,blog/tattoo-color-guide,gold,2,0
black and grey tattoo vs black and white,blog/tattoo-color-guide,gold,2,0
black and grey tattoo vs color,blog/tattoo-color-guide,gold,2,0
black and grey tattoo vs line work,blog/tattoo-color-guide,gold,2,0
black and grey tattoo vs realism,blog/styles-blackwork,gold,2,0
black and grey tattoos near me,blog/tattoo-color-guide,gold,2,0
color tattoo artists near me,blog/tattoo-color-guide,gold,2,0
color tattoo fresh vs healed,blog/aftercare-color-tattoo,gold,2,0
color tattoo near me,blog/tattoo-color-guide,gold,2,0
color tattoo removal near me,blog/tattoo-removal-guide,gold,2,0
color tattoo shops near me,blog/tattoo-color-guide,gold,2,0
color tattoo specialist near me,blog/tattoo-color-guide,gold,2,0
color tattoo vs,blog/tattoo-color-guide,gold,2,0
color tattoo vs black,blog/tattoo-color-guide,gold,2,0
color tattoo vs black and grey,blog/tattoo-color-guide,gold,2,0
color tattoo vs black and grey reddit,blog/tattoo-color-guide,gold,2,0
color tattoo vs black and white,blog/tattoo-color-guide,gold,2,0
color tattoo vs black reddit,blog/tattoo-color-guide,gold,2,0
coloured tattoo vs black,blog/tattoo-color-guide,gold,2,0
fine line tattoo artists near me,blog/small-tattoo-ideas,gold,2,0
fine line tattoo course near me,blog/small-tattoo-ideas,gold,2,0
fine line tattoo fresh vs healed,blog/tattoo-aftercare-guide,gold,2,0
fine line tattoo jacksonville reviews,blog/small-tattoo-ideas,gold,2,0
fine line tattoo near me,blog/small-tattoo-ideas,gold,2,0
fine line tattoo near me within 8.1 km,blog/small-tattoo-ideas,gold,2,0
fine line tattoo shop near me,blog/small-tattoo-ideas,gold,2,0
fine line tattoo shops near me,blog/small-tattoo-ideas,gold,2,0
fine line tattoo specialist near me,blog/small-tattoo-ideas,gold,2,0
fine line tattoo touch up near me,blog/small-tattoo-ideas,gold,2,0
fine line tattoo training near me,blog/small-tattoo-ideas,gold,2,0
fine line tattoo vs regular,blog/small-tattoo-ideas,gold,2,0
fine line tattoo vs single needle,blog/small-tattoo-ideas,gold,2,0
fine line tattoo walk in near me,blog/small-tattoo-ideas,gold,2,0
fine line vs thick line tattoo,blog/small-tattoo-ideas,gold,2,0
how much are small tattoos near me,blog/small-tattoo-ideas,gold,2,0
lip tattoo vs filler,blog/tattoo-coverup-ideas,gold,2,0
no tattoo pain green 80 reviews,blog/tattoo-pain-guide,gold,2,0
route 66 fine line tattoo reviews,blog/small-tattoo-ideas,gold,2,0
small tattoo artists near me,blog/small-tattoo-ideas,gold,2,0
small tattoo cost near me,blog/cost-by-size,gold,2,0
small tattoo near me,blog/small-tattoo-ideas,gold,2,0
small tattoo prices near me,blog/cost-by-size,gold,2,0
small tattoo removal near me,blog/tattoo-removal-guide,gold,2,0
small tattoo shops near me,blog/small-tattoo-ideas,gold,2,0
tattoo aftercare bandage near me,blog/tattoo-aftercare-guide,gold,2,0
tattoo aftercare best products,blog/tattoo-aftercare-guide,gold,2,0
tattoo aftercare cream near me,blog/aftercare-products,gold,2,0
tattoo aftercare kit near me,blog/tattoo-aftercare-guide,gold,2,0
tattoo aftercare lubriderm vs aquaphor,blog/aftercare-products,gold,2,0
tattoo aftercare near me,blog/tattoo-aftercare-guide,gold,2,0
tattoo aftercare products near me,blog/tattoo-aftercare-guide,gold,2,0
tattoo appointment prep reddit,blog/tattoo-prep-guide,gold,2,0
tattoo appointment preparation,blog/tattoo-prep-guide,gold,2,0
tattoo blowout fix near me,blog/problems-blowout,gold,2,0
tattoo blowout removal near me,blog/tattoo-removal-guide,gold,2,0
tattoo blowout vs aging,blog/problems-blowout,gold,2,0
tattoo blowout vs bruise,blog/problems-blowout,gold,2,0
tattoo blowout vs healing,blog/tattoo-aftercare-guide,gold,2,0
tattoo blowout vs healing smudge,blog/tattoo-aftercare-guide,gold,2,0
tattoo blowout vs infection,blog/problems-blowout,gold,2,0
tattoo blowout vs ink drift,blog/problems-blowout,gold,2,0
tattoo blowout vs migration,blog/problems-blowout,gold,2,0
tattoo blowout vs normal,blog/problems-blowout,gold,2,0
tattoo blowout vs normal healing,blog/tattoo-aftercare-guide,gold,2,0
tattoo blowout vs smudge,blog/problems-blowout,gold,2,0
tattoo cost near me,blog/tattoo-cost-guide,gold,2,0
tattoo cover up app,blog/tattoo-coverup-ideas,gold,2,0
tattoo cover up app free,blog/tattoo-coverup-ideas,gold,2,0
tattoo cover up artists near me,blog/tattoo-coverup-ideas,gold,2,0
tattoo cover up experts near me,blog/tattoo-coverup-ideas,gold,2,0
tattoo cover up makeup near me,blog/tattoo-coverup-ideas,gold,2,0
tattoo cover up near me,blog/tattoo-coverup-ideas,gold,2,0
tattoo cover up patches near me,blog/tattoo-coverup-ideas,gold,2,0
tattoo cover up prices near me,blog/tattoo-cost-guide,gold,2,0
tattoo cover up shops near me,blog/tattoo-coverup-ideas,gold,2,0
tattoo cover up specialist near me,blog/tattoo-coverup-ideas,gold,2,0
tattoo cover up tape near me,blog/tattoo-coverup-ideas,gold,2,0
tattoo cover up vs blast over,blog/tattoo-coverup-ideas,gold,2,0
tattoo cover up vs removal,blog/tattoo-removal-guide,gold,2,0
tattoo cover up vs rework,blog/tattoo-coverup-ideas,gold,2,0
tattoo designs app,blog/tattoo-ideas-guide,gold,2,0
tattoo designs near me,blog/tattoo-ideas-guide,gold,2,0
tattoo filler app,blog/tattoo-coverup-ideas,gold,2,0
tattoo healing cream near me,blog/aftercare-products,gold,2,0
tattoo healing good vs bad,blog/tattoo-aftercare-guide,gold,2,0
tattoo healing kit near me,blog/tattoo-aftercare-guide,gold,2,0
tattoo healing near me,blog/tattoo-aftercare-guide,gold,2,0
tattoo healing ointment near me,blog/aftercare-products,gold,2,0
tattoo healing vs blowout,blog/tattoo-aftercare-guide,gold,2,0
tattoo healing vs healed,blog/tattoo-aftercare-guide,gold,2,0
tattoo healing with saniderm vs without,blog/tattoo-aftercare-guide,gold,2,0
tattoo ideas app,blog/tattoo-ideas-guide,gold,2,0
tattoo ideas near me,blog/tattoo-ideas-guide,gold,2,0
tattoo infection management,blog/problems-infection,gold,2,0
tattoo infection vs allergic reaction,blog/problems-infection,gold,2,0
tattoo infection vs allergy,blog/problems-infection,gold,2,0
tattoo infection vs bruising,blog/problems-infection,gold,2,0
tattoo infection vs healing,blog/aftercare-issues,gold,2,0
tattoo infection vs irritation,blog/problems-infection,gold,2,0
tattoo infection vs normal healing,blog/aftercare-issues,gold,2,0
tattoo infection vs overworked,blog/problems-infection,gold,2,0
tattoo infection vs rash,blog/problems-infection,gold,2,0
tattoo infection vs scab,blog/aftercare-issues,gold,2,0
tattoo pain chart men vs women,blog/pain-chart,gold,2,0
tattoo pain compared to other pain,blog/tattoo-pain-guide,gold,2,0
tattoo pain comparison,blog/tattoo-pain-guide,gold,2,0
tattoo pain green 80 review,blog/tattoo-pain-guide,gold,2,0
tattoo pain management,blog/pain-for-men,gold,2,0
tattoo pain management tips,blog/pain-for-men,gold,2,0
tattoo pain numbing cream near me,blog/pain-reduction,gold,2,0
tattoo pain vs childbirth,blog/tattoo-pain-guide,gold,2,0
tattoo pain vs epilating,blog/tattoo-pain-guide,gold,2,0
tattoo pain vs getting blood drawn,blog/tattoo-pain-guide,gold,2,0
tattoo pain vs laser hair removal,blog/tattoo-pain-guide,gold,2,0
tattoo pain vs piercing pain,blog/tattoo-pain-guide,gold,2,0
tattoo placement app,blog/placement-for-men,gold,2,0
tattoo placement app free,blog/placement-for-men,gold,2,0
tattoo placement then vs now,blog/placement-for-men,gold,2,0
tattoo preparation for artists,blog/prep-for-artists,gold,2,0
tattoo price quotes near me,blog/tattoo-cost-guide,gold,2,0
tattoo quotes near me,blog/tattoo-quotes-guide,gold,2,0
tattoo refill near me,blog/tattoo-coverup-ideas,gold,2,0
tattoo removal cost near me,blog/tattoo-cost-guide,gold,2,0
tattoo removal for free near me,blog/tattoo-removal-guide,gold,2,0
tattoo removal jobs near me,blog/tattoo-removal-guide,gold,2,0
tattoo removal near me,blog/tattoo-removal-guide,gold,2,0
tattoo removal near me cost,blog/tattoo-cost-guide,gold,2,0
tattoo removal near me open now,blog/tattoo-removal-guide,gold,2,0
tattoo removal near me within 20 mi,blog/tattoo-removal-guide,gold,2,0
tattoo removal near me within 5 mi,blog/tattoo-removal-guide,gold,2,0
tattoo removal prices near me,blog/tattoo-cost-guide,gold,2,0
tattoo removal reviews,blog/tattoo-removal-guide,gold,2,0
tattoo removal shop near me,blog/tattoo-removal-guide,gold,2,0
tattoo removal tool,blog/tattoo-removal-guide,gold,2,0
tattoo removal training near me,blog/tattoo-removal-guide,gold,2,0
tattoo removal vs cover up,blog/tattoo-removal-guide,gold,2,0
tattoo remove 88 katy reviews,blog/tattoo-removal-guide,gold,2,0
tattoo skin preparation for artists,blog/prep-for-artists,gold,2,0
tattoo styles bedfordview reviews,blog/tattoo-styles-guide,gold,2,0
tattoo styles cresta reviews,blog/tattoo-styles-guide,gold,2,0
tattoo styles jansen park reviews,blog/tattoo-styles-guide,gold,2,0
tattoo styles menlyn reviews,blog/tattoo-styles-guide,gold,2,0
tattoo styles reviews,blog/tattoo-styles-guide,gold,2,0
tattoo styles that age the best,blog/tattoo-styles-guide,gold,2,0
tattoo trends bengaluru reviews,blog/tattoo-trends-guide,gold,2,0
tattoo trends reviews,blog/tattoo-trends-guide,gold,2,0
tattoo words near me,blog/tattoo-guide,gold,2,0
what are the best tattoo ideas,blog/tattoo-ideas-guide,gold,2,0
what are the best tattoo quotes,blog/tattoo-quotes-guide,gold,2,0
what can tattoo pain be compared to,blog/tattoo-pain-guide,gold,2,0
what color tattoo is best for dark skin,blog/tattoo-color-guide,gold,2,0
what is the best small tattoo for men,blog/small-for-men,gold,2,0
what small tattoo should i get,blog/small-tattoo-ideas,gold,2,0
what tattoo aftercare is the best,blog/tattoo-aftercare-guide,gold,2,0
what tattoo cover up is the best,blog/tattoo-coverup-ideas,gold,2,0
what tattoo styles age the best,blog/tattoo-styles-guide,gold,2,0
what's the best tattoo cover up makeup,blog/tattoo-coverup-ideas,gold,2,0
where is the best tattoo placement,blog/placement-for-men,gold,2,0
where to buy tattoo aftercare,blog/tattoo-aftercare-guide,gold,2,0
where to buy tattoo aftercare products,blog/tattoo-aftercare-guide,gold,2,0
where to buy tattoo cover up,blog/tattoo-coverup-ideas,gold,2,0
which tattoo aftercare is best,blog/tattoo-aftercare-guide,gold,2,0
