page_id,cluster,page_type,slug,title,primary_keyword,supporting_keywords,kw_count,intent,business_side,review_status
aftercare-general,aftercare,pillar,blog/tattoo-aftercare-guide,Tattoo Aftercare Guide: Complete Healing & Care Tips,a tattoo aftercare,a tattoo aftercare | a tattoo healing | a tattoo healing process | after care instructions for tattoos | aftercare for fine line tattoo | aftercare for small tattoo | aftercare for tattoo removal | best for tattoo healing | best tattoo aftercare | best tattoo aftercare products | best tattoo aftercare routine | best tattoo aftercare uk | black filler tattoo healing | blowout tattoo healing | can small tattoos heal in a week | can tattoo blowout happen during healing | can tattoo blowouts heal | can tattoo heal in 1 week | can tattoo heal in 2 weeks | can tattoo heal in 3 days,490,informational,B2C,recommended_keep
aftercare-products,aftercare,spoke,blog/aftercare-products,Tattoo Products: Complete Guide & Tips,best tattoo aftercare balm,aquaphor for tattoo healing | bepanthen tattoo aftercare ointment 50g | bepanthen tattoo aftercare ointment 50g new au | best tattoo aftercare balm | best tattoo aftercare cream | best tattoo aftercare lotion | best tattoo aftercare soap | cream for tattoo aftercare | does tattoo aftercare cream expire | for tattoo healing cream | how to use tattoo aftercare cream | inktrox tattoo aftercare cream 50ml | lotion for tattoo aftercare | lotion for tattoo healing | ointment for tattoo aftercare | ointment for tattoo healing | soap for tattoo aftercare | tattoo aftercare aquaphor | tattoo aftercare balm | tattoo aftercare cream,61,commercial,B2C,recommended_keep
aftercare-issues,aftercare,spoke,blog/aftercare-issues,Tattoo Issues: Complete Guide & Tips,can tattoo heal without scabbing,best tattoo aftercare reddit | can small tattoos peel | can tattoo heal without scabbing | do small tattoos peel | does tattoo healing burn calories | does tattoo healing itch | does tattoo healing make you tired | how to heal tattoo infection | infected tattoo yellow scab | itchy tattoo when healing | red tattoo when healing | tattoo aftercare exercise reddit | tattoo aftercare guide reddit | tattoo aftercare how long to keep it covered | tattoo aftercare japan reddit | tattoo aftercare lotion reddit | tattoo aftercare moisturizer reddit | tattoo aftercare red ink | tattoo aftercare reddit | tattoo aftercare reddit day by day,57,informational,B2C,recommended_keep
aftercare-color-tattoo,aftercare,spoke,blog/aftercare-color-tattoo,Tattoo Color Tattoo: Complete Guide & Tips,aftercare for color tattoo,aftercare for color tattoo | best color tattoo aftercare | can color tattoo take longer to heal | care for color tattoo | color tattoo aftercare | color tattoo care | color tattoo care instructions | color tattoo dark skin healed | color tattoo fresh vs healed | color tattoo healing | color tattoo healing day 3 | color tattoo healing day 5 | color tattoo healing day by day | color tattoo healing process | color tattoo healing process week by week | color tattoo healing stages | color tattoo healing stages pictures | color tattoo healing stages pictures day by day | color tattoo healing timeline | color tattoo on dark skin healed,30,informational,B2C,recommended_keep
aftercare-second-skin,aftercare,spoke,blog/aftercare-second-skin,Tattoo Second Skin: Complete Guide & Tips,can tattoo heal without second skin,can tattoo heal without second skin | do small tattoos need second skin | does tattoo heal faster with second skin | fine line tattoo under second skin | tattoo aftercare after removing second skin | tattoo aftercare after second skin | tattoo aftercare if no second skin | tattoo aftercare instructions with second skin | tattoo aftercare no second skin | tattoo aftercare removing second skin | tattoo aftercare second skin | tattoo aftercare taking off second skin | tattoo aftercare with second skin | tattoo aftercare with second skin day by day | tattoo aftercare without second skin | tattoo blowout second skin | tattoo blowout under second skin | tattoo healing no second skin | tattoo healing process with second skin | tattoo healing second skin,24,informational,B2C,recommended_keep
aftercare-timeline,aftercare,spoke,blog/aftercare-timeline,Tattoo Timeline: Complete Guide & Tips,tattoo aftercare day 1,fine line tattoo 10 years healed | fine line tattoo 5 years healed | tattoo aftercare after 1 week | tattoo aftercare after 2 weeks | tattoo aftercare day 1 | tattoo aftercare first day | tattoo aftercare first week | tattoo aftercare week 2 | tattoo care after 6 months. | tattoo care after years | tattoo healed 1 year | tattoo healed 10 years | tattoo healed 20 years | tattoo healing 1 month | tattoo healing 2 months | tattoo healing 3 months | tattoo healing after 1 week | tattoo healing after 2 weeks | tattoo healing day 10 | tattoo healing first week,23,informational,B2C,recommended_keep
aftercare-activities,aftercare,spoke,blog/aftercare-activities,Tattoo Activities: Complete Guide & Tips,tattoo aftercare can you go swimming,how does tattoo healing work | tattoo aftercare and exercise | tattoo aftercare can you go swimming | tattoo aftercare can you shower | tattoo aftercare exercise | tattoo aftercare gym | tattoo aftercare shower | tattoo aftercare swimming | tattoo healing and exercise | tattoo healing and swimming | tattoo healing before swimming | tattoo healing exercise | tattoo healing gym | tattoo healing swimming,14,informational,B2C,recommended_keep
aftercare-black-grey,aftercare,spoke,blog/aftercare-black-grey,Tattoo Black Grey: Complete Guide & Tips,black and grey tattoo before and after healing,black and grey tattoo before and after healing | black and grey tattoo fresh vs healed | black and grey tattoo healed | black and grey tattoo healing process | do black and grey tattoos heal faster | do black and grey tattoos heal lighter,6,informational,B2C,recommended_merge
aftercare-sensitive-skin,aftercare,spoke,blog/aftercare-sensitive-skin,Tattoo Sensitive Skin: Complete Guide & Tips,best tattoo aftercare for sensitive skin,best tattoo aftercare for sensitive skin,1,informational,B2C,recommended_merge
color-general,color,pillar,blog/tattoo-color-guide,"Color Tattoo Guide: Vibrancy, Fading & Aftercare",best color for tattoo,best color for tattoo | best color tattoo | can color tattoos be covered | can color tattoos be covered up | can color tattoos cause cancer | can color tattoos cover black | can fine line tattoos be in color | can fine line tattoos have shading | color 3d tattoo | color for tattoos | color impact tattoo studio zdjęcia | color in tattoos temporary | color j tattoo studio | color jaguar tattoo | color jellyfish tattoo | color joker tattoo | color key tattoo | color kittens tattoo | color knee tattoo | color knight tattoo,164,informational,B2C,recommended_keep
color-black-grey,color,spoke,blog/color-black-grey,Tattoo Black Grey: Complete Guide & Tips,adding color to black and grey tattoo,adding color to black and grey tattoo | best black and grey tattoos | black and grey 3 4 sleeve tattoo | black and grey 3d tattoos | black and grey candle tattoo | black and grey cardinal tattoo | black and grey cat tattoo | black and grey cherry blossom tattoo | black and grey chrysanthemum tattoo | black and grey cross tattoo | black and grey dragon ball z tattoo | black and grey earth tattoo | black and grey egyptian tattoo | black and grey elbow tattoo | black and grey elephant tattoo | black and grey embroidery tattoo | black and grey eye tattoo | black and grey eyeball tattoo | black and grey galaxy tattoo | black and grey geisha tattoo,155,informational,B2C,recommended_keep
color-by-skin-tone,color,spoke,blog/color-by-skin-tone,Tattoo By Skin Tone: Complete Guide & Tips,best color tattoo for dark skin,best color tattoo for dark skin | best color tattoo ink for brown skin | best color tattoo ink for dark skin | black and grey tattoo black skin | black and grey tattoo on brown skin | black and grey tattoo on dark skin | can color tattoos show on dark skin | color tattoo dark skin | color tattoo for black skin | color tattoo for brown skin | color tattoo for dark skin | color tattoo in brown skin | color tattoo ink for dark skin | color tattoo light skin | color tattoo on black skin | color tattoo on brown skin | color tattoo on dark skin | color tattoos on black skin | color tattoos on brown skin | color tattoos on dark skin,21,informational,B2C,recommended_keep
color-artist,color,spoke,blog/color-artist,Tattoo Artist: Complete Guide & Tips,best black and grey tattoo artist philadelphia,best black and grey tattoo artist philadelphia | best black and grey tattoo artists | best black and grey tattoo artists chicago | best black and grey tattoo artists denver | best black and grey tattoo artists in the us | best black and grey tattoo artists in the world | best black and grey tattoo artists london | best black and grey tattoo artists near me | best black and grey tattoo artists uk | best color tattoo artist near me | best color tattoo artists | black and grey tattoo artists | black and grey tattoo artists near me | color tattoo artist | color tattoo artist chicago | color tattoo artists near me | color tattoo specialist near me,17,informational,B2B,recommended_keep
color-ink,color,spoke,blog/color-ink,Tattoo Ink: Complete Guide & Tips,best color tattoo ink brand,best color tattoo ink | best color tattoo ink brand | black and grey tattoo ink | black and grey tattoo ink set | can color ink cover black tattoo | color of tattoo ink | color tattoo ink | color tattoo ink allergy | color tattoo ink set | color tattoo over black ink | tattoo cover up with flesh colored ink | what color tattoo ink fades the fastest | what color tattoo ink fades the least | what color tattoo ink fades the most,14,informational,B2C,recommended_keep
color-fading,color,spoke,blog/color-fading,Tattoo Fading: Complete Guide & Tips,color tattoo fading,can color tattoos fade | color tattoo fade over time | color tattoo fading | color tattoo looks faded | do black and grey tattoos fade | what color tattoo fades the fastest | when do color tattoos fade | why do color tattoos fade | why do color tattoos fade faster | why tattoo color fade,10,informational,B2C,recommended_keep
color-for-men,color,spoke,blog/color-for-men,Tattoo For Men: Complete Guide & Tips,black and grey rose tattoo for men,black and grey rose tattoo for men | black and grey tattoo for men | black and grey tattoo sleeves for men | black and grey tattoos for guys | black and grey tattoos men | color tattoo for men | color tattoo sleeves for men | unique black and grey tattoos for guys,8,informational,B2C,recommended_merge
color-by-location,color,spoke,blog/color-by-location,Tattoo By Location: Complete Guide & Tips,best color tattoos near me,best color tattoos near me | color tattoo jesus | color tattoo near me | color tattoo nyc | color tattoo shops near me | colored zeus tattoo | tattoo color japan,7,informational,B2C,recommended_reject
color-for-women,color,spoke,blog/color-for-women,Tattoo For Women: Complete Guide & Tips,black and grey tattoo for women,black and grey phoenix tattoo female | black and grey pinup girl tattoo | black and grey tattoo for women | black and grey tattoos for females | color tattoo for girls | color tattoo for women | maybelline color tattoo 35 chill girl,7,informational,B2C,recommended_merge
color-lotion,color,spoke,blog/color-lotion,Tattoo Lotion: Complete Guide & Tips,best lotion for color tattoos,best lotion for color tattoos | color tattoo 24hr cream gel eyeshadow | maybelline color tattoo 98 creamy beige,3,informational,B2C,recommended_merge
color-by-type,color,spoke,blog/color-by-type,Tattoo By Type: Complete Guide & Tips,black and grey geometric tattoo,black and grey geometric tattoo | black and grey irezumi tattoo,2,informational,B2C,recommended_merge
cost-general,cost,pillar,blog/tattoo-cost-guide,"Tattoo Cost Guide: Prices by Size, Style & Location",a tattoo cost,a tattoo cost | anesthesia for tattoo cost | are black and grey tattoos cheaper | average tattoo cost 2026 | barrier tattoo cost dnd | best tattoo cost | best tattoo costa adeje | best tattoo costa rica | best tattoo price in abu dhabi | best tattoo price in kanpur | best tattoo price in siliguri | best tattoo price in sri lanka | best tattoo prices near me | color tattoo cost | color tattoo price | cost for tattoo removal | cost of 3 tattoo | do tattoo cover ups cost more | does color tattoo cost more | does tattoo ai cost money,257,informational,B2C,recommended_keep
cost-by-location,cost,spoke,blog/cost-by-location,Tattoo By Location: Complete Guide & Tips,tattoo cost calculator uk,best tattoo price in india | how much does tattoo cost in india | how much does tattoo cost in usa | how much tattoo cost in australia | how much tattoo cost in canada | how much tattoo cost in india | how much tattoo cost in japan | how much tattoo cost in philippines | small tattoo price in india | small tattoo price singapore | tattoo cost australia | tattoo cost calculator uk | tattoo cost calculator usa | tattoo cost canada | tattoo cost dubai | tattoo cost germany | tattoo cost halifax | tattoo cost hanoi | tattoo cost in india | tattoo cost in singapore,45,commercial,B2C,recommended_keep
cost-by-size,cost,spoke,blog/cost-by-size,Tattoo By Size: Complete Guide & Tips,cost for small tattoo,cost for small tattoo | cost for small tattoo removal | cost for tattoo sleeve | how much does a simple small tattoo cost | how much small tattoo cost | how much small tattoo removal cost | price for small tattoo | small tattoo cost | small tattoo cost near me | small tattoo price | small tattoo prices near me | small tattoo removal cost | small tattoo removal price | tattoo cost for full sleeve | tattoo cost for half sleeve | tattoo cost for sleeve | tattoo cost for small | tattoo cost full sleeve | tattoo cost half sleeve | tattoo cost sleeve,26,commercial,B2C,recommended_keep
coverup-general,coverup,pillar,blog/tattoo-coverup-ideas,Tattoo Cover-Up Ideas: Transform Old Ink with New Art,best tattoo cover ups,best tattoo cover ups | bunnie xo tattoo cover up | cover up tattoo cover up | cover up tattoo zagreb | cover up your tattoo | how soon can i cover up a new tattoo | how to do a cover up tattoo | how to tattoo cover up | jade 6ix9ine tattoo cover up | richie house tattoo cover up 3 | tattoo cover up | tattoo cover up $160 | tattoo cover up 101 | tattoo cover up amazon | tattoo cover up auckland | tattoo cover up before and after | tattoo cover up behind ear | tattoo cover up birmingham | tattoo cover up black | tattoo cover up black ink,144,informational,B2C,recommended_keep
coverup-filler,coverup,spoke,blog/coverup-filler,Tattoo Filler: Complete Guide & Tips,best tattoo fillers,best tattoo fill ins | best tattoo fillers | best tattoo fillers for men | best tattoo fillers for women | best tattoo gap fillers | can you tattoo over filler | cloud filler tattoo reddit | cloud tattoo filler | egyptian tattoo filler | evil tattoo filler | filler for tattoo sleeve | filler tattoo anime | filler tattoo machine | filler tattoo que es | gap filler tattoo vines | good tattoo fillers | good tattoo fillers for men | hexagon tattoo filler | how to fill in a tattoo | joker tattoo filler,132,informational,B2C,recommended_keep
coverup-makeup,coverup,spoke,blog/coverup-makeup,Tattoo Makeup: Complete Guide & Tips,best tattoo cover up makeup,best tattoo cover up makeup | best tattoo cover up makeup reddit | best tattoo cover up makeup waterproof | tattoo cover up makeup | tattoo cover up makeup near me | tattoo cover up makeup nearby | tattoo cover up makeup reddit | tattoo cover up makeup sephora | tattoo cover up makeup that won t rub off | tattoo cover up makeup uk | tattoo cover up makeup ulta | tattoo cover up makeup waterproof | tattoo cover up makeup youtube | tattoo cover up waterproof makeup | what's the best tattoo cover up makeup,15,informational,B2C,recommended_keep
coverup-questions,coverup,spoke,blog/coverup-questions,Tattoo Questions: Complete Guide & Tips,are cover up tattoos good,are cover up tattoos good | do cover up tattoos take longer | do tattoos cover up cellulite | do tattoos cover up stretch marks | does tattoo cover up makeup rub off on clothes | does tattoo cover up makeup work | does tattoo cover up tape work | does tattoo cover up work | how do tattoo cover ups work | how hard is tattoo cover up | how tattoo cover ups work | what is tattoo cover up | what tattoo shops do cover ups,13,informational,B2C,recommended_keep
coverup-by-medium,coverup,spoke,blog/coverup-by-medium,Tattoo By Medium: Complete Guide & Tips,best tattoo cover up patches,best tattoo cover up patches | best tattoo cover up tape | tattoo cover up bandage | tattoo cover up clothing | tattoo cover up half sleeve | tattoo cover up patches | tattoo cover up patches near me | tattoo cover up patches waterproof | tattoo cover up sleeve | tattoo cover up stickers | tattoo cover up tape | tattoo cover up tape near me | tattoo cover up tape waterproof,13,informational,B2C,recommended_keep
coverup-by-location,coverup,spoke,blog/coverup-by-location,Tattoo By Location: Complete Guide & Tips,best tattoo cover ups near me,best tattoo cover ups near me | tattoo cover up for japan | tattoo cover up japan | tattoo cover up japan onsen | tattoo cover up japan reddit | tattoo cover up jesus | tattoo cover up london | tattoo cover up london ontario | tattoo cover up near me | tattoo cover up shops near me | tattoo cover up uk | tattoo refill near me | zeus tattoo cover up,13,informational,B2C,recommended_reject
coverup-by-old-style,coverup,spoke,blog/coverup-by-old-style,Tattoo By Old Style: Complete Guide & Tips,tattoo cover up ex name,tattoo cover up butterfly | tattoo cover up essex | tattoo cover up ex name | tattoo cover up for names | tattoo cover up heart | tattoo cover up name | tattoo cover up rose | tattoo cover up with flowers | tattoo cover up words | tattoo for cover up name,10,informational,B2C,recommended_keep
coverup-for-artists,coverup,spoke,blog/coverup-for-artists,Tattoo For Artists: Complete Guide & Tips,best tattoo cover up artist,best tattoo cover up artist | best tattoo cover up artist near me | tattoo cover up artist | tattoo cover up artists near me | tattoo cover up expert | tattoo cover up experts near me | tattoo cover up specialist | tattoo cover up specialist near me,8,informational,B2B,recommended_merge
coverup-app,coverup,spoke,blog/coverup-app,Tattoo App: Complete Guide & Tips,tattoo cover up app,tattoo cover up ai | tattoo cover up ai generator | tattoo cover up app | tattoo cover up app free | tattoo cover up generator | tattoo cover up generator free online | tattoo cover up kaise kare,7,informational,B2C,recommended_merge
coverup-for-women,coverup,spoke,blog/coverup-for-women,Tattoo For Women: Complete Guide & Tips,tattoo cover up for women,tattoo cover up for women | tattoo cover up girl | tattoo cover up women | tattoo for cover up women,4,informational,B2C,recommended_merge
coverup-for-men,coverup,spoke,blog/coverup-for-men,Tattoo For Men: Complete Guide & Tips,tattoo cover up for men,tattoo cover up for men | tattoo for cover up men,2,informational,B2C,recommended_merge
coverup-vs-alternatives,coverup,spoke,blog/coverup-vs-alternatives,Tattoo Vs Alternatives: Complete Guide & Tips,tattoo cover up vs blast over,tattoo cover up vs blast over | tattoo cover up vs rework,2,informational,B2C,recommended_merge
coverup-placement,coverup,spoke,blog/coverup-placement,Tattoo Placement: Complete Guide & Tips,tattoo cover up on shoulder,tattoo cover up on shoulder,1,informational,B2C,recommended_merge
ideas-general,ideas,pillar,blog/tattoo-ideas-guide,"Tattoo Ideas: Styles, Themes & Inspiration Gallery",a tattoo ideas,a tattoo ideas | ai for tattoo ideas | alien tattoo xenomorph ideas | beer can tattoo ideas | best tattoo cover up ideas | best tattoo designs | best tattoo filler designs | best tattoo filler ideas | black and grey tattoo cover up ideas | black and grey tattoo design | black and grey tattoo filler ideas | black and grey tattoo ideas | can tattoo design | can tattoo designs | can tattoo designs be copyrighted | can tattoo ideas | color in tattoo ideas | color tattoo cover up ideas | color tattoo designs | color tattoo ideas,516,informational,B2C,recommended_keep
ideas-for-men,ideas,spoke,blog/ideas-for-men,Tattoo For Men: Complete Guide & Tips,a tattoo ideas for men,a tattoo ideas for men | best meaningful tattoo ideas for men | best tattoo designs for men | best tattoo designs for men small | best tattoo designs for men with meaning | best tattoo filler ideas for men | black and grey tattoo designs for men | black and grey tattoo ideas for men | color tattoo designs for men | color tattoo ideas for men | fine line tattoo ideas for men | small tattoo cover up ideas men | small tattoo designs for men | small tattoo designs for men with meaning | small tattoo ideas for guys | small tattoo ideas for men | small tattoo ideas for men pinterest | small tattoo ideas for men with meaning | small tattoo men ideas | tattoo cover up designs for men,60,informational,B2C,recommended_keep
ideas-for-women,ideas,spoke,blog/ideas-for-women,Tattoo For Women: Complete Guide & Tips,a tattoo ideas for women,a tattoo ideas for females | a tattoo ideas for women | best tattoo designs for women | black and grey tattoo ideas for women | color tattoo designs for women | color tattoo ideas for women | fine line tattoo ideas for females | fine line tattoo ideas for women | fine line tattoo ideas for women with meaning | for girls small tattoo ideas | for girls tattoo ideas | small tattoo designs for girls | small tattoo designs for women | small tattoo ideas for women | small tattoo ideas for women with meaning | tattoo cover up design for girl | tattoo cover up designs for women | tattoo cover up ideas for women | tattoo designs easy for girls | tattoo designs for girls,52,informational,B2C,recommended_keep
ideas-small,ideas,spoke,blog/ideas-small,Tattoo Small: Complete Guide & Tips,a tattoo ideas small,a tattoo ideas small | ideas for small tattoos | small $100 tattoo ideas | small $50 tattoo ideas | small 13 tattoo ideas | small 1st tattoo ideas | small 3d tattoo designs | small 3d tattoo ideas | small route 66 tattoo ideas | small shell tattoo ideas | small tattoo couple ideas | small tattoo cover up ideas | small tattoo designs | small tattoo designs boys | small tattoo designs with meaning | small tattoo ideas | small tattoo ideas for couples with meaning | small tattoo ideas for ladies | small tattoo ideas with meaning | small tattoo location ideas,34,informational,B2C,recommended_keep
ideas-meaningful,ideas,spoke,blog/ideas-meaningful,Tattoo Meaningful: Complete Guide & Tips,best meaningful tattoo ideas,a tattoo ideas with meaning | best meaningful tattoo ideas | meaning for tattoo designs | tattoo designs and meanings | tattoo designs unique with meaning | tattoo designs with meaning | tattoo ideas and meanings | tattoo ideas quotes with meaning | tattoo ideas with meaning | tattoo ideas with meaning words | tattoo meaning and design | tattoo meaning design | tattoo meaning ideas | tattoo with meaning ideas | what are meaningful tattoo ideas,15,informational,B2C,recommended_keep
ideas-name,ideas,spoke,blog/ideas-name,Tattoo Name: Complete Guide & Tips,tattoo cover up ideas for names,tattoo cover up ideas for names | tattoo cover up name ideas | tattoo designs name | tattoo designs with names | tattoo designs with names hidden in them | tattoo ideas 3 kids names | tattoo ideas 3 names | tattoo ideas for 5 kids names | tattoo ideas for 6 kids names | tattoo ideas kids names | tattoo ideas names | tattoo ideas to cover up a name | tattoo ideas with kids names | tattoo ideas with my kids names | tattoo ideas with names,15,informational,B2C,recommended_keep
ideas-animal,ideas,spoke,blog/ideas-animal,Tattoo Animal: Complete Guide & Tips,flowers for tattoo ideas,flowers for tattoo ideas | tattoo design dog | tattoo designs butterfly | tattoo designs dog | tattoo designs lion | tattoo designs lion face | tattoo designs snake | tattoo designs vines and flowers | tattoo ideas butterfly | tattoo ideas cat | tattoo ideas lion,11,informational,B2C,recommended_keep
ideas-minimalist,ideas,spoke,blog/ideas-minimalist,Tattoo Minimalist: Complete Guide & Tips,tattoo design minimalist,tattoo design minimalist | tattoo designs 3d simple | tattoo designs minimalist | tattoo designs photos simple | tattoo designs simple | tattoo designs simple boy | tattoo designs simple photos | tattoo designs vel simple | tattoo ideas simple,9,informational,B2C,recommended_merge
ideas-family,ideas,spoke,blog/ideas-family,Tattoo Family: Complete Guide & Tips,tattoo ideas representing family,tattoo ideas representing family | tattoo ideas to represent family | tattoo ideas with meaning for family,3,informational,B2C,recommended_merge
ideas-geometric,ideas,spoke,blog/ideas-geometric,Tattoo Geometric: Complete Guide & Tips,tattoo designs geometric,tattoo designs geometric | tattoo ideas geometric,2,informational,B2C,recommended_merge
meaning-symbol-dict,meaning,spoke,blog/meaning-symbol-dict,Tattoo Symbol Dict: Complete Guide & Tips,best meaningful tattoo for girls,best meaningful tattoo for girls | best meaningful tattoo for women | best tattoo meaning | best tattoo meaning for men | best tattoo meaning for women | best tattoo meaningful | best tattoo meaningful for men | buck tattoo meaning 911 | filler tattoos with meaning | fine line tattoo for men with meaning | fine line tattoo meaning | for tattoo meaning | how tattoo meaning | how to find tattoo meaning | jungkook tattoo 0613 meaning | meaning tattoo viking symbols | small tattoo for women with meaning | small tattoo meaning | small tattoo meaningful | small tattoo meaningful for men,343,informational,B2C,recommended_keep
other-general,other,pillar,blog/tattoo-guide,Tattoo Guide: Everything You Need to Know,can any tattoo be covered up,can any tattoo be covered up | can my tattoo be covered up | how do tattoo touch ups work | how long after a tattoo can you get it covered up | how long to keep new tattoo covered | how much is an 8 inch tattoo | how much tattoo touch up | how often tattoo touch up | how to do black and gray tattoos | is getting initials tattooed bad luck | is hemorrhoid cream good for tattoos | tattoo 14 words | tattoo 2 words | tattoo 2 words in 1 | tattoo 3 words | tattoo artist tattoos 9 year old | tattoo cover for 3 days | tattoo cover for 5 days | tattoo cover for japan | tattoo encouraging words,86,informational,B2C,recommended_keep
pain-general,pain,pillar,blog/tattoo-pain-guide,"Tattoo Pain Guide: Chart, Scale & How to Manage It",best tattoo pain,best tattoo pain | best tattoo pain cream | best tattoo pain killer | best tattoo pain relief | best tattoo pain relief cream | best tattoo paint | can i take the pain of a tattoo | can tattoo pain kill you | can tattoo pain make you sick | color tattoo pain | cream for tattoo pain | do black and grey tattoos hurt more | do small tattoo needles hurt more | do tattoo cover ups hurt more | do you get used to tattoo pain | does small tattoo hurt | does tattoo cover up hurt more | does tattoo filling hurt | does tattoo pain | does tattoo pain cream work,225,informational,B2C,recommended_keep
pain-chart,pain,spoke,blog/pain-chart,Tattoo Chart: Complete Guide & Tips,best tattoo pain chart,best tattoo pain chart | how painful tattoo chart | tattoo pain area chart | tattoo pain body chart | tattoo pain body map | tattoo pain chart | tattoo pain chart 2026 | tattoo pain chart female | tattoo pain chart male 2025 | tattoo pain chart men | tattoo pain chart men vs women | tattoo pain heat map | tattoo pain index chart | tattoo pain level chart | tattoo pain map | tattoo pain map men | tattoo pain map women | tattoo pain rating scale | tattoo pain scale | tattoo pain scale 1 10,32,informational,B2C,recommended_keep
pain-reduction,pain,spoke,blog/pain-reduction,Tattoo Reduction: Complete Guide & Tips,best painless tattoo cream,best painless tattoo cream | best painless tattoo numbing cream | best tattoo pain numbing cream | does painless tattoo cream work | does painless tattoo numbing cream expire | does painless tattoo numbing cream work | does tattoo removal hurt less over time | tattoo pain hacks | tattoo pain help | tattoo pain how to deal with | tattoo pain numbing | tattoo pain numbing cream near me | what helps tattoo pain | what helps tattoo pain during | what helps with tattoo pain | what makes tattoos hurt less | why do fine line tattoos hurt less,17,informational,B2C,recommended_keep
pain-by-body-part,pain,spoke,blog/pain-by-body-part,Tattoo By Body Part: Complete Guide & Tips,tattoo knee pain level,tattoo knee pain level | tattoo knee pain reddit | tattoo pain above knee | tattoo pain elbow | tattoo pain elbow ditch | tattoo pain foot | tattoo pain head | tattoo pain inner elbow | tattoo pain knee | tattoo pain knee cap | tattoo pain near elbow | tattoo pain on foot | tattoo pain top of foot,13,informational,B2C,recommended_keep
pain-for-men,pain,spoke,blog/pain-for-men,Tattoo For Men: Complete Guide & Tips,tattoo pain areas men,tattoo pain areas men | tattoo pain diagram male | tattoo pain for men | tattoo pain management | tattoo pain management tips | tattoo pain men | tattoo pain zones male | tattoo pain zones men,8,informational,B2C,recommended_merge
pain-for-women,pain,spoke,blog/pain-for-women,Tattoo For Women: Complete Guide & Tips,tattoo pain areas women,tattoo pain areas women | tattoo pain diagram women | tattoo pain female | tattoo pain for women | tattoo pain women | tattoo pain zones women,6,informational,B2C,recommended_merge
placement-general,placement,pillar,blog/tattoo-placement-guide,"Tattoo Placement Guide: Pain, Meaning & Ideas by Body Part",tattoo quotes down spine,tattoo quotes down spine | tattoo quotes going down spine | tattoo quotes spine,3,informational,B2C,recommended_keep
placement-for-men,placement,spoke,blog/placement-for-men,Tattoo For Men: Complete Guide & Tips,small tattoo on leg for male,a tattoo placement | app for tattoo placement | areas for tattoo placement | arm for tattoo placement | arm tattoo quote placement | back for tattoo placement | back tattoo quote placement | best tattoo placement for aging | best tattoo placement for first time | best tattoo placement for men | best tattoo placement for quotes | best tattoo placement for small tattoos | best tattoo placement for weight loss | best tattoo placement for words | best tattoo placements | black and grey neck tattoos men | body for tattoo placement | can t decide tattoo placement | can tattoo artists help with placement | can you change tattoo placement on the day,224,informational,B2C,recommended_keep
placement-ideas,placement,spoke,blog/placement-ideas,Tattoo Ideas: Complete Guide & Tips,black and grey tattoo background ideas,best tattoo designs for men arm | best tattoo designs for men hand | black and grey tattoo background ideas | colored tattoo design arm | colored tattoo design arm male | for arm tattoo ideas | hand tattoo filler ideas | ideas for small tattoo placement | ideas for tattoo placement | small tattoo designs for girl hand | small tattoo designs for men hand | small tattoo designs on hand | small tattoo placement ideas | tattoo 3d designs chest | tattoo arm filler ideas | tattoo arm filler ideas for men | tattoo background filler designs | tattoo background filler ideas | tattoo cover up design arm | tattoo cover up design chest,136,informational,B2C,recommended_keep
placement-pain,placement,spoke,blog/placement-pain,Tattoo Pain: Complete Guide & Tips,how painful tattoo on wrist,how painful tattoo on wrist | tattoo pain ankle | tattoo pain arm | tattoo pain back | tattoo pain back of arm | tattoo pain back of calf | tattoo pain back of thigh | tattoo pain chart arm | tattoo pain chart back | tattoo pain chart leg | tattoo pain described | tattoo pain for back | tattoo pain for forearm | tattoo pain for thigh | tattoo pain for wrist | tattoo pain forearm | tattoo pain hand | tattoo pain in back | tattoo pain inner arm | tattoo pain inner forearm,44,informational,B2C,recommended_keep
placement-arm,placement,spoke,blog/placement-arm,Tattoo Arm: Complete Guide & Tips,black and grey tattoo forearm,black and grey tattoo forearm | color tattoo arm sleeve | filler tattoo arm sleeve | filler tattoos on forearm | fine line tattoo upper arm | small tattoo arm | small tattoo on arm | small tattoo upper arm | tattoo blowout inner arm | tattoo cost arm | tattoo cost arm sleeve | tattoo cost for arm | tattoo cost for forearm | tattoo cost forearm | tattoo cost forearm sleeve | tattoo cost full arm | tattoo cost on arm | tattoo cost on forearm | tattoo cost upper arm | tattoo cover up arm,31,informational,B2C,recommended_keep
placement-meaning,placement,spoke,blog/placement-meaning,Tattoo Meaning: Complete Guide & Tips,best meaningful tattoo in hand,best meaningful tattoo in hand | do tattoo placements have meaning | does tattoo placement have meaning | small tattoo on leg for female with meaning | small x tattoo on hand meaning | tattoo meaning 3 dots on hand | tattoo meaning arm band | tattoo meaning circle around arm | tattoo meaning for self harm | tattoo meaning karma | tattoo meaning line around arm | tattoo meaning placement | tattoo meaning ribbon | tattoo meaning ring around arm | tattoo meaning self harm survivor | tattoo placement and meaning | tattoo placement meaning | tattoo placement meaning chart | tattoo placement meaning men | tattoo placement meaning spiritual,24,informational,B2C,recommended_keep
placement-hand,placement,spoke,blog/placement-hand,Tattoo Hand: Complete Guide & Tips,best tattoo quotes on hand,best tattoo quotes on hand | black and grey tattoo hand | blow out tattoo hand | bunnie xo hand tattoo cover up | color tattoo for hand | hand tattoo preparation | small tattoo for hand | small tattoo on hand | tattoo blowout finger | tattoo blowout hand | tattoo blowout on finger | tattoo blowout on hand | tattoo cost hand | tattoo cost on hand | tattoo cover up hand | tattoo cover up on finger | tattoo cover up on hand | tattoo cover up ring finger | tattoo filler hand | tattoo for cover up hand,24,informational,B2C,recommended_keep
placement-for-women,placement,spoke,blog/placement-for-women,Tattoo For Women: Complete Guide & Tips,tattoo placement names for females,best tattoo placement for plus size women | best tattoo placement for women | best tattoo placement for women small | quote tattoo placement women | small tattoo girl hand | small tattoo neck women | small tattoo on chest girl | small tattoo on hand for girl | small tattoo placement women | tattoo cover up chest women | tattoo cover up hand for girl | tattoo cover up on chest women | tattoo placement for girls | tattoo placement for women | tattoo placement for women over 50 | tattoo placement girls | tattoo placement leg women | tattoo placement names for females | tattoo placement on women | tattoo placement upper arm women,22,informational,B2C,recommended_keep
placement-leg,placement,spoke,blog/placement-leg,Tattoo Leg: Complete Guide & Tips,black and grey tattoo leg,black and grey tattoo leg | black and grey tattoo leg sleeve | color tattoo leg sleeve | leg tattoo preparation | small tattoo leg | small tattoo thigh | small tattoo upper thigh | tattoo blowout ankle | tattoo cost thigh | tattoo cover up leg | tattoo cover up leg sleeve | tattoo cover up thigh | tattoo filler leg | tattoo infection leg | tattoo infection on leg | tattoo quotes leg | tattoo quotes on leg | tattoo quotes on thigh | tattoo quotes thigh,19,informational,B2C,recommended_keep
placement-chest,placement,spoke,blog/placement-chest,Tattoo Chest: Complete Guide & Tips,black and grey tattoo chest,black and grey tattoo chest | chest tattoo preparation | fine line tattoo manchester | fine line tattoo rochester ny | small tattoo chest | tattoo cost chest | tattoo cost on chest | tattoo cover up chest | tattoo cover up on chest | tattoo cover up rochester ny | tattoo filler chest | tattoo prices manchester | tattoo quotes chest | tattoo quotes on chest | tattoo removal manchester,15,informational,B2C,recommended_keep
placement-back,placement,spoke,blog/placement-back,Tattoo Back: Complete Guide & Tips,back tattoo preparation,back tattoo preparation | backgrounds for tattoos fillers | black and grey tattoo background | tattoo background filler stencil | tattoo cost full back | tattoo cover up back | tattoo cover up lower back | tattoo filler background | tattoo infection on back | tattoo quotes on back | tattoo quotes on the back,11,informational,B2C,recommended_keep
placement-wrist,placement,spoke,blog/placement-wrist,Tattoo Wrist: Complete Guide & Tips,small tattoo for wrist,small tattoo for wrist | small tattoo on wrist | small tattoo quotes on wrist | tattoo blowout on wrist | tattoo blowout wrist | tattoo cost wrist | tattoo cover up for wrist | tattoo cover up on wrist | tattoo cover up wrist | tattoo quotes wrist | tattoo wrist filler,11,informational,B2C,recommended_keep
placement-neck,placement,spoke,blog/placement-neck,Tattoo Neck: Complete Guide & Tips,black and grey tattoo neck,black and grey tattoo neck | color tattoo neck | neck tattoo preparation | small tattoo neck | tattoo blowout neck | tattoo cover up neck | tattoo filler neck | tattoo quotes neck | tattoo words neck,9,informational,B2C,recommended_merge
placement-rib,placement,spoke,blog/placement-rib,Tattoo Rib: Complete Guide & Tips,rib tattoo preparation,rib tattoo preparation | tattoo blowout ribs | tattoo cover up ribs | tattoo quotes ribs | tattoo words ribs,5,informational,B2C,recommended_merge
prep-general,prep,pillar,blog/tattoo-prep-guide,Tattoo Preparation Guide: Checklist & Tips Before You Go,before tattoo preparation,before tattoo preparation | best tattoo preparation | eyebrow tattoo preparation | eyeliner tattoo preparation | first tattoo prep reddit | first tattoo preparation | foot tattoo preparation | head tattoo preparation | henna tattoo preparation | knee tattoo preparation | lip tattoo preparation | numbing cream for tattoo prep | palm tattoo prep 1 month prior | pre tattoo prep reddit | pre tattoo preparation | preparation avant tattoo | preparation before tattoo session | preparation for tattoo | preparation h for tattoo | tattoo appointment prep reddit,49,informational,B2C,recommended_keep
prep-tips,prep,spoke,blog/prep-tips,Tattoo Tips: Complete Guide & Tips,tattoo preparation tips,how to prepare for a 4 hour tattoo | how to prepare for a new tattoo | how to prepare the day of a tattoo | how to prepare the night before a tattoo | how to.prep for a tattoo | how to.prepare for tattoo | tattoo preparation tips,7,informational,B2C,recommended_merge
prep-for-artists,prep,spoke,blog/prep-for-artists,Tattoo For Artists: Complete Guide & Tips,tattoo artist preparation,tattoo artist preparation | tattoo preparation for artists | tattoo skin preparation for artists,3,informational,B2B,recommended_merge
prep-skin,prep,spoke,blog/prep-skin,Tattoo Skin: Complete Guide & Tips,tattoo prep for skin,tattoo prep for skin | tattoo prep shave | tattoo prep skin,3,informational,B2C,recommended_merge
prep-checklist,prep,spoke,blog/prep-checklist,Tattoo Checklist: Complete Guide & Tips,tattoo preparation checklist,tattoo preparation checklist,1,informational,B2C,recommended_merge
problems-general,problems,pillar,blog/tattoo-problems-guide,"Tattoo Problems & Fixes: Blowouts, Infections & More",can small tattoos get infected,can small tattoos get infected | how do i fix an infected tattoo | how many tattoos get infected | infected tattoo 1 week | infected tattoo 5 days later | infected tattoo elbow | infected tattoo elbow ditch | infected tattoo eyebrows | infected tattoo guidelines | infected tattoo itchy | infected tattoo treatment uk | infected tattoo youtube | tattoo getting infected | tattoo getting infected what to do | tattoo got infected reddit | tattoo is infected | tattoo that's infected | tattoo when infected | what happens if you get an infected tattoo,19,informational,B2C,recommended_keep
problems-infection,problems,spoke,blog/problems-infection,Tattoo Infection: Complete Guide & Tips,amoxicillin for tattoo infection,amoxicillin for tattoo infection | antibiotics for tattoo infection | best antibiotic cream for tattoo infection | best antibiotic cream for tattoo infection reddit | best antibiotic for tattoo infection | best antibiotic ointment for tattoo infection | best medicine for tattoo infection | best ointment for tattoo infection | best tattoo infection cream | best thing for tattoo infection | best way to prevent tattoo infection | best way to treat tattoo infection | can tattoo infection kill you | cephalexin for tattoo infection | color tattoo infection | cream for tattoo infection | does tattoo infection go away | doxycycline for tattoo infection | flucloxacillin for tattoo infection | how common are tattoo infections,221,informational,B2C,recommended_keep
problems-blowout,problems,spoke,blog/problems-blowout,Tattoo Blowout: Complete Guide & Tips,blowout tattoo too deep,blowout tattoo too deep | can a tattoo blowout years later | can tattoo blowout be fixed | can tattoo blowout fade in time | can tattoo blowout get worse | can tattoo blowout go away | can tattoo blowout happen years later | can tattoo blowouts fade | can tattoo blowouts go away | can white ink for tattoo blowout | can you fix tattoo blowout | can you prevent tattoo blowout | common areas for tattoo blowout | do small tattoo blowout go away | does tattoo blowout get worse | does tattoo blowout go away | does tattoo ink blowout go away | fine line tattoo blowout | fine line tattoo blowout pictures | green tattoo blowout,175,informational,B2C,recommended_keep
problems-keloid,problems,spoke,blog/problems-keloid,Tattoo Keloid: Complete Guide & Tips,infected tattoo keloid,do tattoos cover up scars | infected tattoo keloid | small tattoo to cover scar | tattoo cover up for scars | tattoo cover up keloid scars | tattoo cover up scars,6,informational,B2C,recommended_merge
problems-allergic,problems,spoke,blog/problems-allergic,Tattoo Allergic: Complete Guide & Tips,color tattoo allergic reaction,color tattoo allergic reaction,1,informational,B2C,recommended_merge
quotes-general,quotes,pillar,blog/tattoo-quotes-guide,"Tattoo Quotes: Short, Meaningful & Themed Phrases",best tattoo quotes,best tattoo quotes | best tattoo quotes ever | how long does a quote tattoo take | how to tattoo quotes | quote about getting a tattoo | quote tattoo filler | quotes that are good for tattoos | small tattoo quotes | tattoo prayer quotes | tattoo quote estimate | tattoo quote etiquette | tattoo quote examples | tattoo quote locations | tattoo quote name | tattoo quotes | tattoo quotes 2 words | tattoo quotes about being strong | tattoo quotes about eyes | tattoo quotes about growth | tattoo quotes about keep going,81,informational,B2C,recommended_keep
quotes-by-theme,quotes,spoke,blog/quotes-by-theme,Tattoo By Theme: Complete Guide & Tips,tattoo quotes about family,small tattoo quotes about strength | tattoo quotes about death | tattoo quotes about family | tattoo quotes about life | tattoo quotes about life and love | tattoo quotes about love | tattoo quotes about strength | tattoo quotes death | tattoo quotes for dad who passed away | tattoo quotes for love | tattoo quotes for mom who passed away | tattoo quotes for your mom | tattoo quotes from the bible | tattoo quotes god | tattoo quotes life | tattoo quotes life inspiration | tattoo quotes love | tattoo quotes love yourself | tattoo quotes mother daughter | tattoo quotes religious,22,informational,B2C,recommended_keep
quotes-for-women,quotes,spoke,blog/quotes-for-women,Tattoo For Women: Complete Guide & Tips,best tattoo quotes for women,best tattoo quotes for women | best tattoo quotes for women with meaning | meaning tattoo quotes for females | small tattoo quotes for females | small tattoo quotes for women | small tattoo quotes for women with meaning | tattoo quotes for females | tattoo quotes for females with meaning | tattoo quotes for girls | tattoo quotes for women | tattoo quotes for women with meaning | tattoo quotes girl | tattoo quotes with meaning for females | tattoo quotes women,14,informational,B2C,recommended_keep
quotes-by-language,quotes,spoke,blog/quotes-by-language,Tattoo By Language: Complete Guide & Tips,best tattoo quotes in hindi,best tattoo quotes in hindi | best tattoo quotes in sanskrit | chinese quotes for tattoos | tattoo quotes english | tattoo quotes greek | tattoo quotes hindi | tattoo quotes in english | tattoo quotes in french | tattoo quotes in sanskrit | tattoo quotes in spanish | tattoo quotes latin | tattoo quotes sanskrit | tattoo quotes spanish,13,informational,B2C,recommended_keep
quotes-for-men,quotes,spoke,blog/quotes-for-men,Tattoo For Men: Complete Guide & Tips,best tattoo quotes for men,best tattoo quotes for men | best tattoo quotes for men small | best tattoo quotes for men with meaning | small tattoo quotes for men | tattoo guy quotes | tattoo judgement quotes | tattoo quotes for men | tattoo quotes for men with meaning | tattoo quotes male | tattoo quotes men | tattoo quotes with meaning for men,11,informational,B2C,recommended_keep
quotes-by-occasion,quotes,spoke,blog/quotes-by-occasion,Tattoo By Occasion: Complete Guide & Tips,recovery tattoo quotes,joker tattoo quotes | recovery tattoo quotes | tattoo day quotes | tattoo gift quotes | tattoo hater quotes | tattoo humor quotes | tattoo jesus quotes | tattoo needle quotes | tattoo quotes funny | tattoo quotes in memory of a loved one | tattoo quotes lost loved ones,11,informational,B2C,recommended_keep
quotes-by-tone,quotes,spoke,blog/quotes-by-tone,Tattoo By Tone: Complete Guide & Tips,powerful short quotes for tattoos,powerful short quotes for tattoos | tattoo quotes cool | tattoo quotes cute | tattoo quotes deep | tattoo quotes deep meaning | tattoo quotes motivational | tattoo quotes short | tattoo quotes short meaningful | tattoo quotes with deep meaning,9,informational,B2C,recommended_merge
quotes-with-meaning,quotes,spoke,blog/quotes-with-meaning,Tattoo With Meaning: Complete Guide & Tips,best tattoo quotes with meaning,best tattoo quotes with meaning | tattoo meaning quotes | tattoo quotes meaning | tattoo quotes meaningful | tattoo quotes meaningful 1s | tattoo quotes with meaning,6,informational,B2C,recommended_merge
quotes-placement,quotes,spoke,blog/quotes-placement,Tattoo Placement: Complete Guide & Tips,quote tattoo elbow,quote tattoo elbow | quote tattoo hip | quote tattoo knee | tattoo quotes above knee | tattoo quotes collarbone,5,informational,B2C,recommended_merge
quotes-fine-line,quotes,spoke,blog/quotes-fine-line,Tattoo Fine Line: Complete Guide & Tips,fine line tattoo quotes,fine line tattoo quotes | fine line tattoo quotes for females | fine line tattoo quotes with meaning,3,informational,B2C,recommended_merge
quotes-by-location,quotes,spoke,blog/quotes-by-location,Tattoo By Location: Complete Guide & Tips,tattoo quotes near me,tattoo quotes near me,1,informational,B2C,recommended_reject
removal-general,removal,pillar,blog/tattoo-removal-guide,"Tattoo Removal Guide: Cost, Methods & What to Expect",for tattoo removal,for tattoo removal | preparation for tattoo removal | tattoo cover up or removal | tattoo cover up removal | tattoo removal 1 session | tattoo removal 1 year later | tattoo removal 10 sessions | tattoo removal 100 percent | tattoo removal 12 sessions | tattoo removal 15 sessions | tattoo removal 1st session | tattoo removal 1st session results | tattoo removal 2 sessions | tattoo removal 2 sessions reddit | tattoo removal 2 years | tattoo removal 20 sessions | tattoo removal 2025 | tattoo removal 2026 | tattoo removal 2026 reddit | tattoo removal 2nd session,232,informational,B2C,recommended_keep
removal-method,removal,spoke,blog/removal-method,Tattoo Method: Complete Guide & Tips,can tattoo blowout be lasered,can tattoo blowout be lasered | color tattoo laser removal | color tattoo laser removal before and after | cream for tattoo removal | dermabrasion for tattoo removal | laser for tattoo blowout | laser for tattoo removal | laser removal for tattoo blowout | laser tattoo removal preparation | laser treatment for tattoo blowout | saline for tattoo removal | small tattoo laser removal | surgery for tattoo removal | tattoo blowout after laser | tattoo blowout laser | tattoo blowout laser correction | tattoo blowout laser fix | tattoo blowout laser removal | tattoo laser infection | tattoo removal cream,28,commercial,B2C,recommended_keep
removal-questions,removal,spoke,blog/removal-questions,Tattoo Questions: Complete Guide & Tips,can tattoo removal be covered by insurance,can fine line tattoos be removed | can tattoo removal be covered by insurance | can tattoo removal cause cancer | can tattoo removal cause keloids | can tattoo removal cause lymphoma | can tattoo removal cause scarring | can tattoo removal cause skin cancer | can tattoo removal completely remove tattoo | can tattoo removal go wrong | can tattoo removal leave scars | can tattoo removal make you sick | does tattoo removal cause cancer | does tattoo removal completely get rid of the tattoo | does tattoo removal completely remove the tattoo | does tattoo removal cream work | does tattoo removal leave scars | does tattoo removal work | does tattoo removal work better on new or old tattoos | how tattoo removal | how tattoo removal before and after,22,informational,B2C,recommended_keep
removal-by-location,removal,spoke,blog/removal-by-location,Tattoo By Location: Complete Guide & Tips,tattoo removal jobs near me,tattoo removal indianapolis | tattoo removal jobs near me | tattoo removal london | tattoo removal milwaukee | tattoo removal near me | tattoo removal near me open now | tattoo removal near me within 20 mi | tattoo removal near me within 5 mi | tattoo removal nyc | tattoo removal shop near me | tattoo removal singapore | tattoo removal singapore reddit | tattoo removal sydney | tattoo removal toronto | tattoo removal uk,15,commercial,B2C,recommended_reject
removal-by-color,removal,spoke,blog/removal-by-color,Tattoo By Color: Complete Guide & Tips,can color tattoos be fully removed,can color tattoos be fully removed | can color tattoos be removed | color tattoo removal | color tattoo removal near me | color tattoo removal on dark skin | color tattoo removal progress | color tattoo removal reddit | color tattoo removal results | tattoo removal on black skin | what color tattoo ink is easiest to remove | what color tattoo ink is hardest to remove | what color tattoo is hardest to remove,12,informational,B2C,recommended_keep
removal-before-after,removal,spoke,blog/removal-before-after,Tattoo Before After: Complete Guide & Tips,color tattoo removal before and after,color tattoo removal before and after | color tattoo removal before and after reddit | small tattoo removal before and after | tattoo removal 1 session before and after | tattoo removal 1 week after first session | tattoo removal 2 weeks after | tattoo removal 24 hours after | tattoo removal 3 days after | what tattoo removal looks like after,9,informational,B2C,recommended_merge
removal-by-size,removal,spoke,blog/removal-by-size,Tattoo By Size: Complete Guide & Tips,can small tattoos be removed,can small tattoos be removed | can small tattoos be removed in one session | how much small tattoo removal | how to remove small tattoo | small tattoo removal | small tattoo removal how many sessions | small tattoo removal near me,7,informational,B2C,recommended_merge
removal-specialty,removal,spoke,blog/removal-specialty,Tattoo Specialty: Complete Guide & Tips,can tattoo blowout be removed,can tattoo blowout be removed | tattoo blowout removal | tattoo blowout removal near me | tattoo removal gold coast,4,informational,B2C,recommended_merge
removal-free,removal,spoke,blog/removal-free,Tattoo Free: Complete Guide & Tips,how to get free tattoo removal,how to get free tattoo removal | tattoo removal for free | tattoo removal for free near me | tattoo removal free,4,commercial,B2C,recommended_merge
removal-training,removal,spoke,blog/removal-training,Tattoo Training: Complete Guide & Tips,tattoo removal training,tattoo removal course | tattoo removal training | tattoo removal training near me | training for tattoo removal,4,informational,B2C,recommended_merge
removal-app,removal,spoke,blog/removal-app,Tattoo App: Complete Guide & Tips,tattoo removal dubai,tattoo removal dubai | tattoo removal in chennai | tattoo removal mumbai | tattoo removal simulator,4,informational,B2C,recommended_merge
removal-fine-line,removal,spoke,blog/removal-fine-line,Tattoo Fine Line: Complete Guide & Tips,fine line tattoo removal,fine line tattoo removal | fine line tattoo removal before and after,2,informational,B2C,recommended_merge
removal-vs-alternatives,removal,spoke,blog/removal-vs-alternatives,Tattoo Vs Alternatives: Complete Guide & Tips,tattoo removal vs cover up,tattoo cover up vs removal | tattoo removal vs cover up,2,informational,B2C,recommended_merge
removal-reviews,removal,spoke,blog/removal-reviews,Tattoo Reviews: Complete Guide & Tips,tattoo removal reviews,tattoo removal reviews | tattoo remove 88 katy reviews,2,informational,B2C,recommended_merge
small-general,small,pillar,blog/small-tattoo-ideas,Small Tattoo Ideas: Minimalist Designs & Placements,can small tattoos be detailed,can small tattoos be detailed | can small tattoos fade | can small tattoos get wet | do small tattoos age well | do small tattoos blur over time | do small tattoos fade | do small tattoos fade faster | do small tattoos need to be wrapped | how long do small tattoos take | how much small tattoo uk | how small can a detailed tattoo be | how small can a tattoo be | how small tattoo | how small tattoos age | places for small tattoos | small $50 tattoo | small $60 tattoos | small 007 tattoo | small 1111 tattoo | small 17 tattoo,162,informational,B2C,recommended_keep
small-fine-line-basics,small,spoke,blog/small-fine-line-basics,Tattoo Fine Line Basics: Complete Guide & Tips,best fine line tattoo artist brisbane,best fine line tattoo artist brisbane | best fine line tattoo artists | best fine line tattoo artists london | best fine line tattoo artists near me | best fine line tattoo artists nyc | best fine line tattoo artists singapore | best fine line tattoo bali | best fine line tattoos | best fine line tattoos near me | best fine line tattoos perth | can fine line tattoos age well | can fine line tattoos be fixed | can fine line tattoos be touched up | can fine line tattoos disappear | can fine line tattoos fade | can fine line tattoos last | can fine line tattoos smudge | do fine line tattoos last | fine line 111 tattoo | fine line 4 tattoo,319,informational,B2B,recommended_keep
small-by-subject,small,spoke,blog/small-by-subject,Tattoo By Subject: Complete Guide & Tips,small tattoo 3 hearts,small tattoo 3 hearts | small tattoo cross | small tattoo lion | small tattoo locations | small tattoo locations for men | small tattoo locations for women | small tattoo name | small tattoo rose | small tattoo stars | small tattoo vacation | small tattoo with kids names,11,informational,B2C,recommended_keep
small-for-men,small,spoke,blog/small-for-men,Tattoo For Men: Complete Guide & Tips,small tattoo for men,small tattoo for men | small tattoo guy | small tattoo male | small tattoo men | small tattoo on shoulder male | small tattoo stencils for men | small tattoo under eye men | small tattoos for men | small x men tattoo | what is the best small tattoo for men,10,informational,B2C,recommended_keep
small-for-women,small,spoke,blog/small-for-women,Tattoo For Women: Complete Guide & Tips,small tattoo for women,small tattoo for girls | small tattoo for women | small tattoo girls | small tattoo girly | small tattoo stencils for women | small tattoos for women,6,informational,B2C,recommended_merge
small-near-me,small,spoke,blog/small-near-me,Tattoo Near Me: Complete Guide & Tips,how much are small tattoos near me,how much are small tattoos near me | small tattoo artists near me | small tattoo near me | small tattoo shops near me,4,informational,B2C,recommended_reject
small-by-style,small,spoke,blog/small-by-style,Tattoo By Style: Complete Guide & Tips,how much is a simple small tattoo,how much is a simple small tattoo | small tattoo aesthetic | small tattoo cute,3,informational,B2C,recommended_merge
small-artist,small,spoke,blog/small-artist,Tattoo Artist: Complete Guide & Tips,small tattoo artist,small tattoo artist | small tattoo shop,2,informational,B2B,recommended_merge
small-placement,small,spoke,blog/small-placement,Tattoo Placement: Complete Guide & Tips,small tattoo under collarbone,small tattoo under collarbone | small xo tattoo behind ear,2,informational,B2C,recommended_merge
styles-general,styles,pillar,blog/tattoo-styles-guide,"Tattoo Styles Explained: Types, Examples & Comparisons",a tattoo styles,a tattoo styles | are tattoos going out of style | best tattoo styles | best tattoo styles and their origins | best tattoo styles for black skin | best tattoo styles for body hair | best tattoo styles for cover up | best tattoo styles for dark skin | best tattoo styles for longevity | best tattoo styles for men | best tattoo styles reddit | best tattoo styles that age well | can you have different styles of tattoos | can you mix tattoo styles | can you mix tattoo styles on your body | color tattoo style name | how many tattoo styles are there | is it weird to get different styles of tattoos | styles of numbers for tattoos | tattoo 50s style,163,informational,B2C,recommended_keep
styles-traditional,styles,spoke,blog/styles-traditional,Tattoo Traditional: Complete Guide & Tips,black and grey neo traditional tattoo,black and grey neo traditional tattoo | black and grey neotraditional tattoo | black and grey tattoo american traditional | black and grey tattoo traditional | black and grey traditional tattoo eagle | black and grey traditional tattoo flash | black and grey traditional tattoo rose | black and grey traditional tattoo sleeve | color tattoo traditional | filler tattoo neo traditional | tattoo filler american traditional | tattoo filler ideas traditional | tattoo filler traditional | tattoo gap filler traditional | tattoo sleeve filler traditional | tattoo style japanese traditional | tattoo styles american traditional | tattoo styles like american traditional | tattoo styles neo traditional | tattoo styles old school,24,informational,B2C,recommended_keep
styles-japanese,styles,spoke,blog/styles-japanese,Tattoo Japanese: Complete Guide & Tips,color japanese tattoo sleeve,color japanese tattoo sleeve | colored tattoo japanese | japanese tattoo filler drawing | japanese tattoo filler ideas for guys | japanese tattoo filler patterns | japanese tattoo filler stencil | small tattoo japanese | small tattoo japanese style | tattoo cover up japanese | tattoo cover up japanese style | tattoo design japanese | tattoo designs japanese | tattoo designs japanese symbols | tattoo filler ideas japanese | tattoo filler japanese | tattoo ideas japanese | tattoo ideas japanese words | tattoo japanese phrases | tattoo japanese quotes | tattoo japanese words with meaning,24,informational,B2C,recommended_keep
styles-blackwork,styles,spoke,blog/styles-blackwork,Tattoo Blackwork: Complete Guide & Tips,black and grey tattoo vs blackwork,best black and grey realism tattoo artists | black and grey japanese tattoo designs | black and grey japanese tattoo ideas | black and grey japanese tattoo sleeve | black and grey realism tattoo for men | black and grey realism tattoo ideas | black and grey tattoo japanese | black and grey tattoo style | black and grey tattoo style for guys | black and grey tattoo vs blackwork | black and grey tattoo vs realism | different styles of black and grey tattoos | tattoo style new tribal | tattoo styles black and grey | tattoo styles blackwork | tattoo styles tribal | tattoo tribal filler | what is black and grey realism tattoos | what is black and grey tattoo style | zeus black and grey realism tattoo,20,informational,B2B,recommended_keep
styles-realism,styles,spoke,blog/styles-realism,Tattoo Realism: Complete Guide & Tips,tattoo filler ideas realism,tattoo filler ideas realism | tattoo filler realism | tattoo ideas realism | tattoo style realistic | tattoo styles realism,5,informational,B2C,recommended_merge
styles-minimalist,styles,spoke,blog/styles-minimalist,Tattoo Minimalist: Complete Guide & Tips,fine line tattoo japanese,fine line tattoo japanese | tattoo styles fine line | tattoo styles similar to fine line | what is fine line tattoo style,4,informational,B2C,recommended_merge
styles-comparison,styles,spoke,blog/styles-comparison,Tattoo Comparison: Complete Guide & Tips,types of tattoo styles,types of tattoo styles | what are types of tattoo styles,2,informational,B2C,recommended_merge
styles-geometric,styles,spoke,blog/styles-geometric,Tattoo Geometric: Complete Guide & Tips,tattoo styles geometric,tattoo styles geometric,1,informational,B2C,recommended_merge
trends-general,trends,pillar,blog/tattoo-trends-guide,Tattoo Trends: What's Hot in 2025-2026,are tattoos a trend,are tattoos a trend | best tattoo trends | newest tattoo trends | small tattoo trend | tattoo new trends | tattoo trend cybersigilism | tattoo trend on tiktok | tattoo trends | tattoo trends 90s | tattoo trends bangalore | tattoo trends bengaluru reviews | tattoo trends by decade | tattoo trends by generation | tattoo trends early 2000s | tattoo trends electronic city | tattoo trends for men | tattoo trends for women | tattoo trends gen z | tattoo trends in the 80s | tattoo trends of the 90s,28,informational,B2C,recommended_keep
trends-by-year,trends,spoke,blog/trends-by-year,Tattoo By Year: Complete Guide & Tips,fine line tattoo 2025,fine line tattoo 2025 | fine line tattoo 2026 | small tattoo 2025 | small tattoo 2026 | tattoo cover up 2025 | tattoo cover up 2026 | tattoo cover up makeup 2025 | tattoo quotes 2025 | tattoo trends 2025 | tattoo trends 2026 | tattoo trends 2026 female | tattoo trends 2026 men | tattoo trends for 2025 | tattoo trends for 2026 | tattoo trends for men 2025 | tattoo trends in 2025 | tattoo trends in 2026 | tattoo trends men 2025 | tattoo trends of 2025 | tattoo trends of 2026,22,informational,B2C,recommended_keep
