Language,Keyword,Intent
DE,Kisscal Alternative,BOFU
DE,Beste Alternative zu Kisscal,BOFU
DE,Tattoo Studio Software Vergleich,BOFU
DE,Tattoo Software Vergleich 2026,BOFU
DE,Tätowierstudio Software günstig,BOFU
DE,Tattoo Buchungssystem Online,BOFU
DE,Beste Tattoo Software für Studio,BOFU
DE,Tattoo Studio Management Software,BOFU
DE,Tattoo Terminbuchung System,BOFU
DE,Tattoo Verwaltungssoftware Kosten,BOFU
DE,Tattoo Studio App,BOFU
DE,Kisscal Test Erfahrungen,MOFU
DE,Kisscal Bewertung,MOFU
DE,Tattoo Software Test,MOFU
DE,Welche Tattoo Software ist die beste,MOFU
DE,Tattoo Software Preise Vergleich,MOFU
DE,DSGVO konforme Tattoo Software,MOFU
DE,Online Terminvergabe Tattoo,MOFU
DE,Tattoo Kundenverwaltung digital,MOFU
DE,Tattoo Einwilligungserklärung digital,TOFU
DE,Digitale Signatur Tattoo Studio,TOFU
DE,Tattoo Studio online buchen,TOFU
DE,Mehr Kunden im Tattoo Studio gewinnen,TOFU
DE,Tattoo Rechnung schreiben Software,TOFU
DE,Tattoo Betriebsorganisation digital,TOFU
DE,Tätowierer Software kostenlos Test,TOFU
FR,Tattoomorrow alternative,BOFU
FR,Alternative à Tattoomorrow,BOFU
FR,Meilleur logiciel studio tatouage,BOFU
FR,Logiciel studio tatouage pas cher,BOFU
FR,Comparatif logiciel tatouage 2026,BOFU
FR,Logiciel gestion salon tatouage,BOFU
FR,Prix logiciel studio tatouage,BOFU
FR,Logiciel tatouage professionnel,BOFU
FR,Logiciel réservation tatouage en ligne,BOFU
FR,Tattoomorrow avis,MOFU
FR,Tattoomorrow test,MOFU
FR,Top logiciel tatouage 2026,MOFU
FR,Comment choisir logiciel tatouage,MOFU
FR,Logiciel tatouage comparatif prix,MOFU
FR,Logiciel conforme RGPD tatouage,MOFU
FR,Digitaliser son studio de tatouage,MOFU
FR,Logiciel tatouage multi-artiste,MOFU
FR,Fiche consentement tatouage numérique,TOFU
FR,Consentement numérique tatouage RGPD,TOFU
FR,Obligations légales studio tatouage,TOFU
FR,Formulaire décharge tatouage en ligne,TOFU
FR,Rappels automatiques clients tatouage,TOFU
FR,Fidéliser clients studio tatouage,TOFU
FR,Traçabilité encres aiguilles numérique,TOFU
FR,Logiciel tatouage signature électronique,TOFU
ES,Alternativa a Tattoogenda,BOFU
ES,Mejor software para estudio de tatuaje,BOFU
ES,Software gestión tatuajes barato,BOFU
ES,Programa para gestionar estudio tatuaje,BOFU
ES,Comparativa software tatuaje 2026,BOFU
ES,Sistema de reservas tatuaje online,BOFU
ES,Software tatuaje profesional,BOFU
ES,Precio software tatuaje,BOFU
ES,Aplicación gestión tatuaje,BOFU
ES,Mejor programa tatuaje 2026,BOFU
ES,Tattoogenda opiniones,MOFU
ES,Tattoogenda experiencia,MOFU
ES,Top herramientas estudio tatuaje,MOFU
ES,Cómo elegir software estudio tatuaje,MOFU
ES,Software tatuaje precios comparativa,MOFU
ES,Programa tatuaje varios artistas,MOFU
ES,Software tatuaje gratuito prueba,MOFU
ES,Consentimiento digital para tatuajes,TOFU
ES,Cómo digitalizar estudio tatuaje,TOFU
ES,Ventajas software gestión tatuaje,TOFU
ES,Recordatorios automáticos tatuaje,TOFU
ES,Registro cliente estudio tatuaje,TOFU
ES,Marketing para estudio tatuaje,TOFU
ES,Fidelizar clientes tatuaje,TOFU
BR,Software para estúdio de tatuagem,BOFU
BR,Sistema gerenciamento estúdio tatuagem,BOFU
BR,Programa para estúdio de tatuagem,BOFU
BR,Melhor software tatuagem 2026,BOFU
BR,Aplicativo gestão estúdio tatuagem,BOFU
BR,Software agenda tatuagem online,BOFU
BR,Software tatuagem com Pix,BOFU
BR,Sistema para tatuador autônomo,BOFU
BR,Preço software tatuagem,BOFU
BR,Programa gestão tatuagem completo,BOFU
BR,Como digitalizar estúdio de tatuagem,MOFU
BR,Software tatuagem vs planilha Excel,MOFU
BR,Sistema agendamento tatuagem online,MOFU
BR,Software tatuagem preço mensal,MOFU
BR,Software tatuagem LGPD,MOFU
BR,Sistema gestão tatuagem gratuita teste,MOFU
BR,Agenda digital para tatuadores,MOFU
BR,Consentimento digital tatuagem,TOFU
BR,Termo consentimento tatuagem online,TOFU
BR,Obrigações legais estúdio tatuagem Brasil,TOFU
BR,Gestão clientes estúdio tatuagem,TOFU
BR,Lembretes automáticos tatuagem WhatsApp,TOFU
BR,Controle financeiro estúdio tatuagem,TOFU
BR,Marketing digital para tatuadores,TOFU
BR,Aftercare automático tatuagem,TOFU
